"unique","milk.1","milk.2","milk.3","milk.4","milk.5","milk.6","milk.7","milk.8","milk.9","milk.10","dim.1","dim.2","dim.3","dim.4","dim.5","dim.6","dim.7","dim.8","dim.9","dim.10"
"K11-P12",37.5,43.8,48.7,38.3,34.3,32.4,35.6,21.8,28.2,24.1,12,42,75,101,132,158,188,216,243,277
"K103-P278",NA,NA,NA,NA,NA,NA,NA,NA,NA,NA,NA,NA,NA,NA,NA,NA,NA,NA,NA,NA
"K12-P560",27.5,20.9,19.9,17.5,NA,NA,NA,NA,NA,NA,126,200,269,346,NA,NA,NA,NA,NA,NA
"K11-P33",32,32.9,26.2,25.6,22.7,19.9,16.5,18.5,17.2,13.7,18,52,80,111,150,178,206,234,262,290
"K118-P94",NA,NA,NA,NA,NA,NA,NA,NA,NA,NA,NA,NA,NA,NA,NA,NA,NA,NA,NA,NA
"K100-P504",22.7,26,22.3,26.4,23.1,14.9,13.9,11.1,5,NA,29,56,85,120,147,178,211,239,274,NA
"K128-P270",24.4,22.3,NA,NA,NA,NA,NA,NA,NA,NA,31,87,NA,NA,NA,NA,NA,NA,NA,NA
"K12-P414",40.3,36.7,25.5,NA,NA,NA,NA,NA,NA,NA,12,86,155,NA,NA,NA,NA,NA,NA,NA
"K100-P563",13.8,NA,NA,NA,NA,NA,NA,NA,NA,NA,36,NA,NA,NA,NA,NA,NA,NA,NA,NA
"K102-P311",22.7,26,26.3,16.6,20.7,20.2,17.4,18.3,17.6,NA,20,47,77,110,138,167,203,230,258,NA
"K12-P556",45.7,39.7,31,17.5,NA,NA,NA,NA,NA,NA,33,107,176,253,NA,NA,NA,NA,NA,NA
"K10-P199",NA,30.6,33.6,33.6,29,20.5,15.3,NA,NA,NA,4,35,63,99,128,154,189,NA,NA,NA
"K12-P433",35.2,33.7,21.9,10.6,NA,NA,NA,NA,NA,NA,54,123,200,276,NA,NA,NA,NA,NA,NA
"K12-P277",41,30.3,22.9,NA,NA,NA,NA,NA,NA,NA,101,175,244,NA,NA,NA,NA,NA,NA,NA
"K12-P765",31.1,32.8,17.8,11.2,11.6,NA,NA,NA,NA,NA,10,87,163,199,245,NA,NA,NA,NA,NA
"K112-P307",21.6,21.6,15.6,20.2,20.5,20.5,20.2,18.8,19,NA,27,62,88,118,151,180,208,247,271,NA
"K12-P932",25.3,23.3,NA,NA,NA,NA,NA,NA,NA,NA,202,279,NA,NA,NA,NA,NA,NA,NA,NA
"K10-P81",32.4,52.7,43.9,44.3,49.1,44.7,51.6,38.2,36.7,27.5,8,40,71,99,129,162,190,225,253,282
"K130-P617",39.3,42.9,40.8,40.4,36.4,35.3,31.2,29.8,NA,NA,41,77,104,145,176,218,246,272,NA,NA
"K104-P442",NA,NA,NA,NA,NA,NA,NA,NA,NA,NA,NA,NA,NA,NA,NA,NA,NA,NA,NA,NA
"K126-P867",42.3,30.5,30.2,22.1,16.8,17.5,13.4,NA,NA,NA,30,65,93,128,156,191,221,NA,NA,NA
"K12-P918",NA,NA,NA,NA,NA,NA,NA,NA,NA,NA,NA,NA,NA,NA,NA,NA,NA,NA,NA,NA
"K117-P15",32.5,40.7,38,34,30,24,24.4,23,20,15.6,8,36,64,99,128,163,190,211,253,281
"K126-P1133",51.3,54.6,49.6,39.5,40.9,39.7,35,30.9,29.8,27.3,15,58,87,115,149,184,206,247,274,303
"K12-P733",43,35.5,30.5,28.2,25.9,22.7,20.3,NA,NA,NA,53,129,165,211,298,355,417,NA,NA,NA
"K130-P543",50.1,43.4,47.8,40,39.2,34.8,36.4,32.7,29.2,NA,22,52,101,128,170,206,233,274,305,NA
"K113-P620",NA,NA,NA,NA,NA,NA,NA,NA,NA,NA,NA,NA,NA,NA,NA,NA,NA,NA,NA,NA
"K116-P147",25.2,22.9,20.2,21.8,23.1,19.3,16.3,14.1,11.8,NA,27,47,80,117,146,171,208,242,276,NA
"K106-P283",NA,NA,NA,NA,NA,NA,NA,NA,NA,NA,NA,NA,NA,NA,NA,NA,NA,NA,NA,NA
"K130-P647",25.6,33,35.4,33.4,33.6,36.5,28.6,19,16.4,NA,26,62,101,131,180,207,249,285,312,NA
"K126-P1047",NA,34.4,33.7,29.4,34,29.2,29.8,26.4,18.6,21.6,3,32,60,95,123,158,186,221,251,284
"K111-P117",21.6,21.8,16.4,14,NA,NA,NA,NA,NA,NA,24,58,87,116,NA,NA,NA,NA,NA,NA
"K113-P577",17.8,22,25.9,28.5,26,19.3,24.6,21.2,17.9,15.6,10,38,72,101,136,163,191,228,255,284
"K1-P992",NA,NA,NA,NA,NA,NA,NA,NA,NA,NA,NA,NA,NA,NA,NA,NA,NA,NA,NA,NA
"K13-P531",NA,NA,NA,NA,NA,NA,NA,NA,NA,NA,NA,NA,NA,NA,NA,NA,NA,NA,NA,NA
"K12-P808",33.7,19,9.5,NA,NA,NA,NA,NA,NA,NA,63,221,308,NA,NA,NA,NA,NA,NA,NA
"K130-P710",29.7,35,35.1,34.9,34,29.6,34.2,30.8,29.4,NA,25,64,94,143,170,212,248,275,316,NA
"K122-P37",26.6,NA,NA,NA,NA,NA,NA,NA,NA,NA,31,NA,NA,NA,NA,NA,NA,NA,NA,NA
"K122-P86",31,31.8,30.2,28.4,25.6,25,24,24,21.6,18.2,30,58,86,121,148,177,212,240,275,303
"K120-P78",30.6,43,36.6,38,32.6,32.2,27.1,25.9,22,NA,42,98,133,166,195,219,266,301,336,NA
"K118-P143",33.5,31.7,29.4,30.6,28.4,27.1,28.4,26.3,25.6,23.5,11,37,71,110,145,191,222,251,282,320
"K105-P117",NA,NA,NA,NA,NA,NA,NA,NA,NA,NA,NA,NA,NA,NA,NA,NA,NA,NA,NA,NA
"K126-P802",44.3,50.6,49.2,37,32.7,30.1,25.5,17.6,12.2,NA,6,41,63,104,131,160,188,223,251,NA
"K105-P111",NA,NA,NA,NA,NA,NA,NA,NA,NA,NA,NA,NA,NA,NA,NA,NA,NA,NA,NA,NA
"K130-P708",41.2,43.7,37.2,35.8,31.8,23.7,NA,NA,NA,NA,15,46,88,116,142,183,NA,NA,NA,NA
"K12-P603",26.8,30.3,23.4,22.3,22.1,15.6,11.4,NA,NA,NA,46,123,199,235,281,368,425,NA,NA,NA
"K111-P196",21.4,22,22,22.8,20.6,19.9,16.8,16.4,18,NA,16,51,73,101,143,169,197,226,255,NA
"K126-P1258",54,48.3,50.8,40.3,34,33.3,35,35.3,31.5,20.2,28,63,91,126,154,189,219,252,280,309
"K117-P77",32.6,35.3,35,38.5,32.6,32,32,16.5,26.2,22,24,52,81,109,143,171,199,234,263,298
"K126-P1060",NA,NA,NA,NA,NA,NA,NA,NA,NA,NA,NA,NA,NA,NA,NA,NA,NA,NA,NA,NA
"K130-P612",44.5,48,42.8,40.1,36.9,33.6,30.5,22.2,NA,NA,21,51,100,127,169,205,232,273,NA,NA
"K120-P5",28.2,51,31.6,45,42.2,45.6,39.4,41,31.9,43.1,17,79,122,178,213,246,275,299,346,381
"K130-P502",NA,NA,NA,NA,NA,NA,NA,NA,NA,NA,NA,NA,NA,NA,NA,NA,NA,NA,NA,NA
"K104-P360",NA,NA,NA,NA,NA,NA,NA,NA,NA,NA,NA,NA,NA,NA,NA,NA,NA,NA,NA,NA
"K12-P516",33.5,33.4,22.5,14.8,11.6,10,NA,NA,NA,NA,6,75,152,228,264,310,NA,NA,NA,NA
"K130-P705",20.4,29.9,30.3,30.4,39.8,33.8,33.7,28,25.8,NA,7,48,84,123,153,202,229,271,307,NA
"K100-P580",NA,NA,NA,NA,NA,NA,NA,NA,NA,NA,NA,NA,NA,NA,NA,NA,NA,NA,NA,NA
"K12-P435",41.7,39.4,27.8,20.5,10.8,NA,NA,NA,NA,NA,26,100,169,246,322,NA,NA,NA,NA,NA
"K128-P121",NA,32.5,26,30.5,28,24.3,20.2,15.1,20.1,14.7,23,69,86,114,135,177,203,264,295,328
"K104-P367",NA,NA,NA,NA,NA,NA,NA,NA,NA,NA,NA,NA,NA,NA,NA,NA,NA,NA,NA,NA
"K125-P112",58.3,54.8,57.2,53.2,48.2,46.2,45.4,46.9,43.3,42.6,36,66,101,128,147,192,214,248,282,311
"K112-P64",NA,NA,NA,NA,NA,NA,NA,NA,NA,NA,NA,NA,NA,NA,NA,NA,NA,NA,NA,NA
"K12-P1063",32.7,NA,NA,NA,NA,NA,NA,NA,NA,NA,38,NA,NA,NA,NA,NA,NA,NA,NA,NA
"K129-P256",35,30,NA,NA,NA,NA,NA,NA,NA,NA,97,219,NA,NA,NA,NA,NA,NA,NA,NA
"K12-P947",29.6,30.8,22,22.3,NA,NA,NA,NA,NA,NA,126,202,238,284,NA,NA,NA,NA,NA,NA
"K122-P104",27.8,32.8,27.6,29,27,26.2,26,26,23.4,22.2,26,54,89,117,145,180,208,236,266,299
"K100-P445",37,41,40.7,50.6,17.9,25.6,18.5,16.2,11.5,16.9,9,44,71,102,135,163,198,226,254,289
"K106-P308",NA,NA,NA,NA,NA,NA,NA,NA,NA,NA,NA,NA,NA,NA,NA,NA,NA,NA,NA,NA
"K113-P584",15.8,35.1,28.1,30.9,28.3,31.1,21.6,24.7,28.1,20.3,16,50,79,114,141,169,206,233,262,324
"K119-P81",25.9,38.3,33.6,29.8,27.6,21.8,23.2,19.2,NA,NA,14,49,84,119,165,202,237,271,NA,NA
"K119-P32",38.8,33.4,34.1,27.2,31.6,24.7,NA,25,23.9,21.8,14,49,95,132,167,201,243,285,315,356
"K122-P108",29,28,23.6,22.2,21.2,21.4,22.5,21.2,22.4,19.4,37,65,93,128,156,184,219,247,275,305
"K125-P168",32.6,44.6,44.6,42,43,38,39.8,37.4,34.5,31.3,9,43,71,99,135,160,189,223,253,288
"K110-P578",NA,NA,NA,NA,NA,NA,NA,NA,NA,NA,NA,NA,NA,NA,NA,NA,NA,NA,NA,NA
"K12-P938",NA,NA,NA,NA,NA,NA,NA,NA,NA,NA,NA,NA,NA,NA,NA,NA,NA,NA,NA,NA
"K12-P794",34.6,NA,NA,NA,NA,NA,NA,NA,NA,NA,56,NA,NA,NA,NA,NA,NA,NA,NA,NA
"K112-P132",23.5,22.9,23.7,22.5,NA,NA,NA,NA,NA,NA,38,65,93,128,NA,NA,NA,NA,NA,NA
"K100-P640",30.1,29.4,30.4,28.5,29.9,25.2,26,25,23.5,19.5,35,62,91,126,157,182,217,245,273,308
"K101-P339",NA,NA,NA,NA,NA,NA,NA,NA,NA,NA,NA,NA,NA,NA,NA,NA,NA,NA,NA,NA
"K104-P433",NA,NA,NA,NA,NA,NA,NA,NA,NA,NA,NA,NA,NA,NA,NA,NA,NA,NA,NA,NA
"K101-P391",17.8,NA,NA,NA,NA,NA,NA,NA,NA,NA,292,NA,NA,NA,NA,NA,NA,NA,NA,NA
"K111-P182",23.6,21.2,19.5,15.5,14.8,15.5,15,13.8,10.8,8.5,15,57,83,111,140,169,203,230,266,295
"K126-P1050",35.3,30.5,30.7,31.1,NA,NA,NA,NA,NA,NA,19,48,76,111,NA,NA,NA,NA,NA,NA
"K129-P270",33,35,NA,NA,NA,NA,NA,NA,NA,NA,41,163,NA,NA,NA,NA,NA,NA,NA,NA
"K114-P50",21.3,25.4,NA,NA,NA,NA,NA,NA,NA,NA,28,56,NA,NA,NA,NA,NA,NA,NA,NA
"K105-P148",NA,NA,NA,NA,NA,NA,NA,NA,NA,NA,NA,NA,NA,NA,NA,NA,NA,NA,NA,NA
"K111-P194",NA,NA,NA,NA,NA,NA,NA,NA,NA,NA,NA,NA,NA,NA,NA,NA,NA,NA,NA,NA
"K112-P234",34.6,31.5,27.2,27.2,21.8,22.7,17.9,16.8,16.4,7.8,22,50,85,111,141,174,203,231,270,294
"K105-P160",NA,NA,NA,NA,NA,NA,NA,NA,NA,NA,NA,NA,NA,NA,NA,NA,NA,NA,NA,NA
"K114-P48",22.1,29.6,38.4,38.8,34.3,35.5,34.3,31.1,30.5,27,13,41,69,104,125,160,195,223,251,314
"K12-P1006",22.6,28.8,22.3,20.2,NA,NA,NA,NA,NA,NA,75,152,228,264,NA,NA,NA,NA,NA,NA
"K126-P1036",34.9,48.4,51.7,50.5,39.1,51.2,43.2,40.3,37.6,NA,19,46,75,103,138,166,201,229,264,NA
"K1-P980",25,31.2,25.6,27.4,22.2,18,13.6,9,NA,NA,28,69,112,151,201,249,284,308,NA,NA
"K104-P373",NA,NA,NA,NA,NA,NA,NA,NA,NA,NA,NA,NA,NA,NA,NA,NA,NA,NA,NA,NA
"K116-P216",24.8,21.8,24.4,24.8,21,22.3,17.9,17.1,NA,NA,76,111,131,164,201,230,255,292,NA,NA
"K12-P1023",27.9,31,30,26.7,21.3,21,NA,NA,NA,NA,69,145,181,227,314,371,NA,NA,NA,NA
"K114-P29",30.1,33.5,29.9,36.1,32.5,30.3,22.5,22.5,19.7,14.6,25,52,81,116,144,179,207,235,270,291
"K11-P152",25.2,24.8,17,25,24.4,21,22.8,19.8,16.7,17.6,11,39,66,100,128,159,198,226,254,282
"K104-P377",NA,NA,NA,NA,NA,NA,NA,NA,NA,NA,NA,NA,NA,NA,NA,NA,NA,NA,NA,NA
"K100-P548",30.8,30.6,32.5,28.8,25.8,24.8,20.4,16.2,14,6.7,10,45,73,101,136,163,192,227,258,283
"K12-P780",NA,NA,NA,NA,NA,NA,NA,NA,NA,NA,NA,NA,NA,NA,NA,NA,NA,NA,NA,NA
"K100-P501",28.8,25.8,28.8,28.7,27.7,22.1,19.1,13.9,7.9,11.5,22,51,86,113,144,177,205,240,268,296
"K12-P476",48.7,32.2,27.5,NA,NA,NA,NA,NA,NA,NA,144,218,364,NA,NA,NA,NA,NA,NA,NA
"K125-P172",29.9,31.2,32.2,38.2,32.8,34.9,33.5,33.1,25.2,26,6,40,68,96,132,157,186,220,250,285
"K130-P626",46,49.6,48.7,44.4,41.6,36,31.1,24.9,NA,NA,31,58,100,136,163,204,235,277,NA,NA
"K111-P95",15.8,21,20,17.4,15.2,14.2,11.6,10.7,10.5,10,5,38,67,102,124,152,194,220,248,277
"K126-P826",41.9,47.5,56.5,44.3,44.9,37.2,NA,NA,NA,NA,32,67,95,130,158,193,NA,NA,NA,NA
"K118-P10",43.9,54.8,45.3,43.8,39,36.5,34.4,33.4,28.8,23.9,13,42,91,121,169,195,229,268,303,349
"K112-P421",NA,NA,NA,NA,NA,NA,NA,NA,NA,NA,NA,NA,NA,NA,NA,NA,NA,NA,NA,NA
"K130-P341",48.7,46.7,52.7,44.7,45.3,43.2,38.8,35.3,NA,NA,19,68,95,137,173,200,241,272,NA,NA
"K124-P407",NA,NA,NA,NA,NA,NA,NA,NA,NA,NA,NA,NA,NA,NA,NA,NA,NA,NA,NA,NA
"K122-P75",22,24,35,28.2,28.4,25.6,24,20,20,19,7,36,71,99,134,162,190,225,253,281
"K123-P363",19.8,26.6,27.2,23,20.2,16,16,NA,NA,NA,9,44,85,127,156,196,227,NA,NA,NA
"K126-P956",36.5,27.2,35.1,35.7,34.9,33.1,26.7,28.1,26.5,NA,20,40,83,112,140,174,209,231,272,NA
"K116-P26",38.2,41.9,35,30.7,29.8,26.5,24.8,20.6,20.5,13.9,19,50,93,125,153,184,220,255,275,308
"K110-P787",NA,NA,NA,NA,NA,NA,NA,NA,NA,NA,NA,NA,NA,NA,NA,NA,NA,NA,NA,NA
"K117-P72",24,27,33,29,34,29.5,33,32.4,29.5,29.6,21,55,83,111,146,175,210,237,258,300
"K113-P585",27.7,28.9,29,26.4,27.9,23.8,26,28.1,24.8,23.4,34,63,98,125,153,190,217,246,273,308
"K130-P518",53.2,55.2,12.9,NA,NA,NA,NA,NA,NA,NA,23,53,102,NA,NA,NA,NA,NA,NA,NA
"K116-P133",27.5,25.6,28.4,26.5,26.4,24.4,23.3,22.7,22.7,21.9,14,45,81,116,136,169,206,235,260,297
"K12-P270",49.1,43.1,31.6,21.1,NA,NA,NA,NA,NA,NA,57,131,200,277,NA,NA,NA,NA,NA,NA
"K13-P440",35.6,33.9,38.9,38.8,30.9,34.3,32.9,24.6,NA,NA,27,62,100,127,175,210,253,285,NA,NA
"K104-P330",NA,NA,NA,NA,NA,NA,NA,NA,NA,NA,NA,NA,NA,NA,NA,NA,NA,NA,NA,NA
"K110-P661",NA,NA,NA,NA,NA,NA,NA,NA,NA,NA,NA,NA,NA,NA,NA,NA,NA,NA,NA,NA
"K100-P462",11.5,NA,NA,NA,NA,NA,NA,NA,NA,NA,18,NA,NA,NA,NA,NA,NA,NA,NA,NA
"K126-P981",43.2,38.6,35.9,32.8,33.5,35.3,34.6,23.1,NA,NA,35,70,92,133,160,189,217,252,NA,NA
"K118-P159",27.6,25.2,23.7,27.9,27.6,23.9,25.6,23.1,22.5,17.1,27,53,87,126,161,207,238,267,298,336
"K126-P1257",40.9,55.1,52.3,43.1,54.2,40.1,39.5,38.9,35.3,34.4,21,50,78,113,141,176,204,239,269,302
"K130-P644",27,NA,NA,NA,NA,NA,NA,NA,NA,NA,2,NA,NA,NA,NA,NA,NA,NA,NA,NA
"K12-P367",43.6,41.7,32.1,NA,NA,NA,NA,NA,NA,NA,51,125,194,NA,NA,NA,NA,NA,NA,NA
"K13-P510",22.8,34.2,32,30.2,27.8,27.7,26.7,25.2,22.7,NA,6,48,84,124,159,194,232,259,307,NA
"K11-P106",35.8,34.4,28.4,25.4,30,20.8,20,21.1,21,17.8,34,60,90,118,145,179,207,238,277,305
"K103-P193",NA,NA,NA,NA,NA,NA,NA,NA,NA,NA,NA,NA,NA,NA,NA,NA,NA,NA,NA,NA
"K100-P597",24.6,30.6,26.5,18.1,16.4,12.4,9.7,15.7,8.5,9,14,41,72,105,133,168,196,224,259,286
"K104-P260",NA,NA,NA,NA,NA,NA,NA,NA,NA,NA,NA,NA,NA,NA,NA,NA,NA,NA,NA,NA
"K115-P46",34.2,39,38.8,40.4,38.2,33,30.6,26.2,27,25,8,31,59,94,122,150,185,213,240,268
"K128-P143",31.5,NA,NA,NA,NA,NA,NA,NA,NA,NA,15,NA,NA,NA,NA,NA,NA,NA,NA,NA
"K126-P1265",46.5,45.5,45.8,42,39.4,40.7,43.2,39.7,22.5,23,36,71,93,134,161,190,218,253,281,316
"K100-P554",41.4,47.4,44.1,33.6,29.2,23.5,20.9,19.1,16.5,10.7,20,47,78,111,139,174,202,230,265,292
"K123-P308",43.6,44.2,41.2,33.4,21.4,16.2,11.6,8.2,NA,NA,11,53,88,123,164,206,235,275,NA,NA
"K10-P160",NA,46.9,42.4,42.8,43.9,30.6,27.5,25.7,27.2,23.7,2,28,63,91,119,151,182,210,240,273
"K117-P67",32,44.4,39,32.4,32,33,31.6,28,23,25.9,12,47,76,111,138,159,201,229,257,292
"K118-P111",39.4,37,42.2,41.8,39.3,35.4,33.1,31,NA,NA,36,66,114,140,174,213,248,294,NA,NA
"K125-P71",45.5,55.2,54.8,49.6,48.2,44,42.6,43.3,29.2,25.5,9,39,74,101,120,165,187,221,255,284
"K116-P83",34.7,39.9,37,41.2,38.2,28.8,32.7,30.2,22.7,18.3,8,43,63,96,133,162,187,224,258,292
"K123-P339",23,22.4,23.6,21,20.2,19.2,19.6,16.6,17.2,16,32,67,108,150,179,219,250,291,325,368
"K1-P915",41.6,35.8,32.8,27.6,27,24.6,20.6,20,14.8,14.2,46,94,129,153,179,221,249,279,311,341
"K12-P802",32.1,27.5,24.9,20.8,NA,NA,NA,NA,NA,NA,166,240,309,386,NA,NA,NA,NA,NA,NA
"K118-P130",57.7,47.3,41.8,38.2,37,31.5,37.4,33.1,29.5,NA,42,77,123,154,183,214,252,297,319,NA
"K100-P458",43.5,44.7,46,47.3,41.4,43.2,37.6,31.7,42.4,29.8,30,58,86,121,148,177,212,243,268,303
"K13-P488",39.4,41,36.9,30.7,34.1,33.2,23.8,13.4,NA,NA,40,75,118,150,189,228,264,299,NA,NA
"K130-P683",41.5,41.4,40,43.6,42,38.8,37.6,35.6,NA,NA,36,63,105,141,168,209,240,282,NA,NA
"K118-P108",35.5,36.5,34.4,34.9,36.6,34.6,30.5,NA,NA,NA,18,60,95,124,173,203,277,NA,NA,NA
"K118-P116",36.6,29.2,31.7,39.8,31.5,36.2,35.1,31.8,NA,NA,31,57,91,130,165,211,242,271,NA,NA
"K128-P105",45.6,37.4,26.4,28,29.6,20.9,25.2,9.6,NA,NA,34,101,132,158,188,223,269,286,NA,NA
"K117-P53",43,47.5,44.8,47,42,41,34,32.5,NA,22.4,16,43,64,106,134,162,197,226,254,289
"K121-P122",54.4,52,49.7,45.6,43.9,37.6,38.7,33.4,34.6,32.9,38,62,93,116,160,191,223,252,283,312
"K13-P439",22.6,23.7,47.1,42.7,39.4,38.6,27.8,26.4,25.2,23.6,2,29,155,187,226,265,301,336,365,394
"K12-P322",37,35.2,30,24,23.3,21.2,19.3,NA,NA,NA,30,104,173,250,326,362,408,NA,NA,NA
"K126-P639",31.5,49.1,49.7,47,35.9,35.3,34.8,32.8,16.4,20.5,12,32,75,104,132,166,201,223,264,291
"K1-P1083",34.4,25,26.6,26,26,24.6,25.6,22.8,24.8,22,42,90,125,149,175,217,245,275,307,337
"K113-P407",36.5,32.8,41.7,29.8,31.6,28.1,31.4,25.9,25.6,22.5,28,57,92,119,147,184,211,240,267,302
"K126-P1003",NA,NA,NA,NA,NA,NA,NA,NA,NA,NA,NA,NA,NA,NA,NA,NA,NA,NA,NA,NA
"K1-P700",48.4,50.2,42.2,42.4,34.8,35.4,28,32.6,37,24.8,20,55,79,105,147,175,205,237,267,301
"K130-P587",48.7,56.1,52.9,57.6,49.9,49.2,35.7,NA,NA,NA,40,76,115,145,194,221,263,NA,NA,NA
"K12-P925",37.2,31.2,28.9,31.9,NA,NA,NA,NA,NA,NA,183,260,336,372,NA,NA,NA,NA,NA,NA
"K1-P1086",41.8,39.8,33.2,26,20.2,12,11,NA,NA,NA,47,86,136,184,219,243,269,NA,NA,NA
"K110-P633",NA,NA,NA,NA,NA,NA,NA,NA,NA,NA,NA,NA,NA,NA,NA,NA,NA,NA,NA,NA
"K105-P64",NA,NA,NA,NA,NA,NA,NA,NA,NA,NA,NA,NA,NA,NA,NA,NA,NA,NA,NA,NA
"K110-P680",NA,NA,NA,NA,NA,NA,NA,NA,NA,NA,NA,NA,NA,NA,NA,NA,NA,NA,NA,NA
"K123-P309",40.4,35.4,29.4,26,24.2,22.4,13.6,4.2,NA,NA,20,62,91,131,162,203,237,280,NA,NA
"K120-P47",20.6,21.8,27.2,21.4,35.4,15.8,15.8,NA,NA,NA,77,111,173,216,272,307,340,NA,NA,NA
"K12-P818",40.9,39.5,33.3,31.5,27.9,NA,NA,NA,NA,NA,16,93,169,205,251,NA,NA,NA,NA,NA
"K104-P400",NA,NA,NA,NA,NA,NA,NA,NA,NA,NA,NA,NA,NA,NA,NA,NA,NA,NA,NA,NA
"K124-P388",NA,NA,NA,NA,NA,NA,NA,NA,NA,NA,NA,NA,NA,NA,NA,NA,NA,NA,NA,NA
"K116-P165",26.8,32.8,34.6,30.7,29.8,31.1,21,26,25.6,21.9,11,43,71,102,173,193,226,263,292,317
"K112-P135",20.8,22.3,23.8,22.7,23.5,24.4,18.7,18,11.5,NA,10,45,78,103,131,166,193,221,256,NA
"K11-P98",33.9,38,37.2,32.7,28.5,29.2,26.9,26.9,22.5,20.5,16,44,75,114,142,170,198,226,254,283
"K1-P1001",NA,NA,NA,NA,NA,NA,NA,NA,NA,NA,NA,NA,NA,NA,NA,NA,NA,NA,NA,NA
"K100-P362",41.1,39.3,38.8,28.1,31.9,31.5,26.6,25.6,20.8,16,22,55,83,118,146,174,209,236,265,300
"K105-P159",NA,NA,NA,NA,NA,NA,NA,NA,NA,NA,NA,NA,NA,NA,NA,NA,NA,NA,NA,NA
"K1-P745",NA,NA,NA,NA,NA,NA,NA,NA,NA,NA,NA,NA,NA,NA,NA,NA,NA,NA,NA,NA
"K121-P57",41.3,41.9,42.2,37.9,35.7,35.9,32.4,30.1,28.3,22.3,22,53,85,114,145,174,198,244,270,295
"K13-P435",NA,NA,NA,NA,NA,NA,NA,NA,NA,NA,NA,NA,NA,NA,NA,NA,NA,NA,NA,NA
"K125-P135",46.3,39.8,37,45.9,41,39.8,34.1,32.3,33.1,25.9,31,50,117,151,185,214,248,273,302,331
"K115-P79",29,29.2,26.8,26.4,23,23.6,22.4,20.2,19.6,16,30,57,85,114,149,177,205,233,267,296
"K125-P96",36.9,41.8,24.8,35.3,30.3,34.2,NA,NA,NA,NA,8,71,101,136,163,182,NA,NA,NA,NA
"K120-P66",NA,NA,NA,NA,NA,NA,NA,NA,NA,NA,NA,NA,NA,NA,NA,NA,NA,NA,NA,NA
"K130-P494",41.8,44.4,40.2,38.4,36.3,36.3,35.4,35.5,31.6,27,30,72,108,135,176,207,249,277,303,344
"K111-P177",24.4,24.2,21.8,23.4,21,20.6,18,14,16.2,16.2,31,54,88,117,146,179,208,243,265,293
"K102-P191",40.7,34.8,19.8,21.2,17.5,NA,NA,NA,NA,NA,16,45,199,234,261,NA,NA,NA,NA,NA
"K104-P327",NA,NA,NA,NA,NA,NA,NA,NA,NA,NA,NA,NA,NA,NA,NA,NA,NA,NA,NA,NA
"K12-P796",33.6,21.1,21.6,18.3,17.2,NA,NA,NA,NA,NA,67,136,213,289,325,NA,NA,NA,NA,NA
"K11-P42",45.3,49,49.1,42.1,35.4,31.6,29.6,25.2,20.7,25.9,11,46,76,109,135,166,192,222,250,277
"K129-P257",53,50,NA,NA,NA,NA,NA,NA,NA,NA,50,146,NA,NA,NA,NA,NA,NA,NA,NA
"K119-P26",36.5,42.6,32.3,31.6,26.4,25,21.4,20.5,18.6,NA,7,42,77,123,160,195,229,271,313,NA
"K126-P627",59.2,46.2,53.6,20.2,43.2,29.4,36.1,33.7,29.8,23.1,26,54,88,123,145,186,213,242,270,305
"K116-P98",NA,27.3,NA,NA,NA,NA,NA,NA,NA,NA,4,36,NA,NA,NA,NA,NA,NA,NA,NA
"K11-P20",31.1,31.3,25.4,26.8,31.3,27.4,27,26.7,26.3,23.2,8,34,64,92,119,153,181,212,251,279
"K128-P336",18.9,32.5,27.5,29.6,24,24.7,24.8,23.5,25.6,19.7,10,56,73,101,122,164,190,251,282,315
"K126-P985",18.9,33.6,44.6,36.7,36.7,30.7,37.2,34.6,35.4,31.5,1,29,63,98,120,161,188,217,245,280
"K1-P1028",NA,NA,NA,NA,NA,NA,NA,NA,NA,NA,NA,NA,NA,NA,NA,NA,NA,NA,NA,NA
"K130-P450",28.2,40.9,40.1,NA,NA,NA,NA,NA,NA,NA,10,40,89,NA,NA,NA,NA,NA,NA,NA
"K116-P115",21,21.8,18.7,17.9,11.5,NA,NA,NA,NA,NA,23,60,89,114,151,NA,NA,NA,NA,NA
"K108-P128",NA,NA,NA,NA,NA,NA,NA,NA,NA,NA,NA,NA,NA,NA,NA,NA,NA,NA,NA,NA
"K119-P43",35.8,49.2,39.4,45.6,33.1,32.6,29.3,23.2,NA,NA,11,46,80,122,164,194,235,278,NA,NA
"K107-P331",30.1,25.4,23.2,22.3,20,23.2,21.4,18,13.3,12.1,35,65,100,129,162,197,226,260,289,318
"K106-P366",NA,NA,NA,NA,NA,NA,NA,NA,NA,NA,NA,NA,NA,NA,NA,NA,NA,NA,NA,NA
"K1-P1055",NA,NA,NA,NA,NA,NA,NA,NA,NA,NA,NA,NA,NA,NA,NA,NA,NA,NA,NA,NA
"K123-P360",NA,NA,NA,NA,NA,NA,NA,NA,NA,NA,NA,NA,NA,NA,NA,NA,NA,NA,NA,NA
"K118-P93",46.5,41.8,36.2,40.6,38.2,39.4,31.9,NA,NA,NA,74,120,151,180,211,249,294,NA,NA,NA
"K124-P370",NA,NA,NA,NA,NA,NA,NA,NA,NA,NA,NA,NA,NA,NA,NA,NA,NA,NA,NA,NA
"K126-P988",24.6,39.1,29.8,36.1,30.4,30.7,24.8,24.2,24.2,20.3,14,43,71,105,140,162,203,230,259,287
"K105-P84",NA,NA,NA,NA,NA,NA,NA,NA,NA,NA,NA,NA,NA,NA,NA,NA,NA,NA,NA,NA
"K12-P1030",31.3,29.8,29.3,25,NA,NA,NA,NA,NA,NA,86,162,198,244,NA,NA,NA,NA,NA,NA
"K1-P965",28.8,35,35.6,34.4,32.8,37.6,29.6,23.8,23.8,NA,13,54,97,136,186,234,269,293,319,NA
"K104-P397",NA,NA,NA,NA,NA,NA,NA,NA,NA,NA,NA,NA,NA,NA,NA,NA,NA,NA,NA,NA
"K12-P148",NA,NA,NA,NA,NA,NA,NA,NA,NA,NA,NA,NA,NA,NA,NA,NA,NA,NA,NA,NA
"K12-P534",29.1,22.3,15.1,12.3,NA,NA,NA,NA,NA,NA,62,139,215,251,NA,NA,NA,NA,NA,NA
"K111-P158",23.6,25.4,23.2,15,19,14,NA,NA,NA,NA,20,53,82,117,139,167,NA,NA,NA,NA
"K1-P1037",NA,NA,NA,NA,NA,NA,NA,NA,NA,NA,NA,NA,NA,NA,NA,NA,NA,NA,NA,NA
"K125-P116",31.9,49.3,49.1,43.4,39.4,36.6,28.1,25.3,23.2,NA,14,48,78,113,140,159,204,226,260,NA
"K125-P182",35.5,36.8,36.5,32.3,32.7,35,30.8,30,21.3,NA,32,66,96,131,158,177,222,244,278,NA
"K12-P783",25.3,26,26.5,24.6,12.9,NA,NA,NA,NA,NA,39,115,151,197,284,NA,NA,NA,NA,NA
"K12-P306",28,23.5,NA,NA,NA,NA,NA,NA,NA,NA,129,203,NA,NA,NA,NA,NA,NA,NA,NA
"K12-P577",34.5,34.6,23.7,19.5,NA,NA,NA,NA,NA,NA,87,161,230,307,NA,NA,NA,NA,NA,NA
"K100-P406",NA,NA,NA,NA,NA,NA,NA,NA,NA,NA,NA,NA,NA,NA,NA,NA,NA,NA,NA,NA
"K130-P637",25.1,37,39,37.6,35.3,32.8,28.9,30.2,24.1,20,14,41,82,113,155,183,209,250,299,342
"K130-P671",35.9,41.2,35.6,36.1,36.8,33.2,28.9,26.7,NA,NA,31,73,109,136,177,208,250,278,NA,NA
"K100-P284",NA,NA,NA,NA,NA,NA,NA,NA,NA,NA,NA,NA,NA,NA,NA,NA,NA,NA,NA,NA
"K112-P192",27.7,22.5,31.7,27.9,31.7,24.2,23.3,23.8,22,26,27,54,82,117,146,182,209,237,272,298
"K108-P58",NA,NA,NA,NA,NA,NA,NA,NA,NA,NA,NA,NA,NA,NA,NA,NA,NA,NA,NA,NA
"K110-P670",NA,NA,NA,NA,NA,NA,NA,NA,NA,NA,NA,NA,NA,NA,NA,NA,NA,NA,NA,NA
"K121-P42",48.7,51.7,47.8,37.2,40.5,37.6,37.2,26.2,17.5,NA,28,51,95,126,158,187,218,247,271,NA
"K116-P113",26,27.2,21.2,22.7,21.6,19.7,22.5,16,14.6,NA,24,55,98,130,158,189,225,260,280,NA
"K120-P44",22,26.4,22.4,26.2,21.8,25.4,18.8,NA,NA,NA,1,63,106,162,197,230,259,NA,NA,NA
"K118-P140",26.3,42.6,33.3,33.2,41.8,39.4,33.8,36.6,32.4,38.2,6,54,80,114,153,188,234,265,294,325
"K101-P260",NA,NA,NA,NA,NA,NA,NA,NA,NA,NA,NA,NA,NA,NA,NA,NA,NA,NA,NA,NA
"K125-P146",47.3,55.9,45.4,52.3,41.2,32.7,33.8,31.1,27.6,20.5,31,50,95,117,151,185,214,248,273,302
"K114-P49",36.8,NA,NA,NA,NA,NA,NA,NA,NA,NA,18,NA,NA,NA,NA,NA,NA,NA,NA,NA
"K12-P259",47,37.7,30,21.9,NA,NA,NA,NA,NA,NA,87,161,230,307,NA,NA,NA,NA,NA,NA
"K113-P527",27,28.5,16,22.3,19.4,16,14.3,15.5,11.3,NA,6,69,104,131,196,223,252,279,314,NA
"K102-P287",29.2,20.5,28.6,21.2,13,19.3,15,9.4,16.5,16,48,83,110,140,173,201,230,266,293,321
"K12-P731",37.9,30.9,24.6,23.2,17.3,NA,NA,NA,NA,NA,48,125,201,237,283,NA,NA,NA,NA,NA
"K121-P96",29.6,37.1,34,37.1,35.3,37.1,32.9,34.8,30.2,29,10,36,59,87,128,150,179,217,241,272
"K100-P517",40.9,35.1,36.1,30.6,28.2,31.3,29.9,26.2,18.5,12.2,28,61,89,124,152,180,215,242,271,306
"K126-P990",30.2,28.1,NA,NA,NA,NA,NA,NA,NA,NA,29,57,NA,NA,NA,NA,NA,NA,NA,NA
"K102-P212",16.2,26,24.4,14.4,15.3,14.1,14.1,12.9,11.8,9.4,6,33,63,96,124,153,189,216,244,273
"K100-P535",24.3,NA,NA,NA,NA,NA,NA,NA,NA,NA,8,NA,NA,NA,NA,NA,NA,NA,NA,NA
"K128-P111",15.8,16.3,3.8,21.8,14.6,17.2,21.4,NA,NA,NA,5,47,73,134,165,198,228,NA,NA,NA
"K117-P101",27.5,33,33,33.2,30.8,25,22,24,23,21.5,6,35,70,97,118,160,188,216,251,280
"K101-P204",12.8,NA,NA,NA,NA,NA,NA,NA,NA,NA,339,NA,NA,NA,NA,NA,NA,NA,NA,NA
"K12-P1032",45.1,35.5,30.1,29.5,18.6,NA,NA,NA,NA,NA,88,164,200,246,333,NA,NA,NA,NA,NA
"K105-P91",NA,NA,NA,NA,NA,NA,NA,NA,NA,NA,NA,NA,NA,NA,NA,NA,NA,NA,NA,NA
"K126-P823",44.6,41.9,39.9,35.5,29.9,29.8,19,13,NA,NA,18,46,81,109,144,172,207,237,NA,NA
"K110-P630",NA,NA,NA,NA,NA,NA,NA,NA,NA,NA,NA,NA,NA,NA,NA,NA,NA,NA,NA,NA
"K104-P427",NA,NA,NA,NA,NA,NA,NA,NA,NA,NA,NA,NA,NA,NA,NA,NA,NA,NA,NA,NA
"K11-P163",29.4,28.2,26.7,24,20.3,23.2,19.4,20.1,17.5,19,30,69,97,125,153,181,209,238,266,293
"K130-P663",23,NA,NA,NA,NA,NA,NA,NA,NA,NA,12,NA,NA,NA,NA,NA,NA,NA,NA,NA
"K114-P15",NA,27.6,46.3,42.6,32.3,33.3,33.1,34.5,31.9,28.2,3,32,67,95,130,158,186,221,242,277
"K12-P313",51.9,35.1,24.4,22.8,19.1,14.6,NA,NA,NA,NA,47,116,193,269,305,351,NA,NA,NA,NA
"K119-P74",30.5,35,41.6,40.6,28.6,30.9,31.3,23.8,21.4,19.3,10,44,86,128,158,199,242,290,319,354
"K110-P607",NA,NA,NA,NA,NA,NA,NA,NA,NA,NA,NA,NA,NA,NA,NA,NA,NA,NA,NA,NA
"K130-P657",40.6,38.8,39.8,38,33.8,28.3,25.4,17.3,NA,NA,32,68,107,137,186,213,255,291,NA,NA
"K128-P261",44.7,41.4,34.5,38.6,32.5,40.1,10.2,24.8,13.9,16.8,11,37,67,102,148,165,193,214,256,282
"K120-P36",18,9.4,NA,NA,NA,NA,NA,NA,NA,NA,232,266,NA,NA,NA,NA,NA,NA,NA,NA
"K100-P455",31.7,49.1,38,39.8,43.2,39.4,39.5,40.1,40.5,36.4,9,37,72,100,128,163,190,219,254,285
"K103-P273",NA,NA,NA,NA,NA,NA,NA,NA,NA,NA,NA,NA,NA,NA,NA,NA,NA,NA,NA,NA
"K105-P28",NA,NA,NA,NA,NA,NA,NA,NA,NA,NA,NA,NA,NA,NA,NA,NA,NA,NA,NA,NA
"K121-P49",44.9,45.8,35.5,35.5,32.9,32.1,32,23.8,24.6,23.6,22,44,73,111,135,166,189,233,264,296
"K1-P931",47.6,45.2,43.8,29.6,38,37,35.8,27.2,27.2,24.1,20,55,79,105,147,175,205,237,267,301
"K111-P170",23.6,20.6,22.8,19.1,19.4,17.4,19.6,18,17.2,18.9,24,53,86,115,150,172,200,242,268,296
"K126-P1013",35.3,41.3,44.5,33.6,42,33.1,32.8,27.2,31.6,NA,15,44,72,107,135,170,198,233,263,NA
"K115-P68",34,38.4,38,36.6,33,32,24.6,22.6,21,12,18,41,69,104,132,160,195,223,250,278
"K126-P993",NA,40.3,42.8,37.1,38.9,29,34.6,35.3,33.3,29,3,31,65,100,122,163,190,219,247,282
"K129-P282",27,24,NA,NA,NA,NA,NA,NA,NA,NA,156,278,NA,NA,NA,NA,NA,NA,NA,NA
"K112-P319",34.9,25.6,19.9,26.4,27.1,23.7,20.7,18.1,13.4,6.9,27,62,89,117,152,181,217,244,272,307
"K118-P65",33.7,33.2,32.5,31.5,29.1,27.6,29.6,25.6,20.7,NA,21,56,85,134,164,212,238,272,311,NA
"K12-P1009",NA,NA,NA,NA,NA,NA,NA,NA,NA,NA,NA,NA,NA,NA,NA,NA,NA,NA,NA,NA
"K125-P123",39.2,50.2,60.7,51.7,52.9,52.4,46.9,42.2,45.5,45.3,5,32,51,96,118,152,186,215,249,274
"K12-P854",36.9,32,20.6,15.4,NA,NA,NA,NA,NA,NA,97,171,240,317,NA,NA,NA,NA,NA,NA
"K126-P668",40.3,57.7,NA,NA,NA,NA,NA,NA,NA,NA,21,55,NA,NA,NA,NA,NA,NA,NA,NA
"K118-P100",53.6,53.5,44.7,46.5,38.6,41.4,31.3,26,21.1,NA,42,77,106,155,185,233,259,293,332,NA
"K1-P969",45.8,43.2,43.6,34.6,39.2,36.4,32.2,29.4,32.6,31.2,29,77,112,136,162,204,232,262,294,324
"K113-P669",18.4,27,25.5,27.2,19.7,24.7,21,21.2,NA,NA,59,93,122,157,184,212,249,276,NA,NA
"K11-P144",16.9,28,23.8,19.1,20.9,19.4,15.9,12.4,11.6,11.9,24,51,85,113,144,183,211,239,267,295
"K115-P62",32.6,34,31,27.8,25.2,24,21,19,18.4,14.2,15,38,66,101,129,157,192,220,247,275
"K105-P99",NA,NA,NA,NA,NA,NA,NA,NA,NA,NA,NA,NA,NA,NA,NA,NA,NA,NA,NA,NA
"K113-P676",NA,NA,NA,NA,NA,NA,NA,NA,NA,NA,NA,NA,NA,NA,NA,NA,NA,NA,NA,NA
"K110-P523",NA,NA,NA,NA,NA,NA,NA,NA,NA,NA,NA,NA,NA,NA,NA,NA,NA,NA,NA,NA
"K124-P326",NA,NA,NA,NA,NA,NA,NA,NA,NA,NA,NA,NA,NA,NA,NA,NA,NA,NA,NA,NA
"K106-P273",NA,NA,NA,NA,NA,NA,NA,NA,NA,NA,NA,NA,NA,NA,NA,NA,NA,NA,NA,NA
"K106-P338",NA,NA,NA,NA,NA,NA,NA,NA,NA,NA,NA,NA,NA,NA,NA,NA,NA,NA,NA,NA
"K108-P6",NA,NA,NA,NA,NA,NA,NA,NA,NA,NA,NA,NA,NA,NA,NA,NA,NA,NA,NA,NA
"K129-P260",33,28,17,NA,NA,NA,NA,NA,NA,NA,19,180,302,NA,NA,NA,NA,NA,NA,NA
"K102-P280",25.4,NA,NA,NA,NA,NA,NA,NA,NA,NA,18,NA,NA,NA,NA,NA,NA,NA,NA,NA
"K12-P548",45.1,33.2,24.1,14.2,NA,NA,NA,NA,NA,NA,117,191,260,337,NA,NA,NA,NA,NA,NA
"K101-P337",NA,NA,NA,NA,NA,NA,NA,NA,NA,NA,NA,NA,NA,NA,NA,NA,NA,NA,NA,NA
"K114-P115",30.3,32.5,32.3,30.1,26.6,28.8,30.3,25.2,23,NA,30,65,93,121,156,184,212,247,281,NA
"K130-P519",37.5,48.5,51.6,50,43.2,43.4,37.6,33.4,24.4,NA,22,58,85,126,157,199,227,253,294,NA
"K113-P578",10.8,30.6,23.8,24.6,22.3,20.8,16.2,16.7,13,14,6,40,69,104,131,159,196,223,252,279
"K110-P673",NA,NA,NA,NA,NA,NA,NA,NA,NA,NA,NA,NA,NA,NA,NA,NA,NA,NA,NA,NA
"K120-P33",39.4,37.6,29.6,34.8,30,21,NA,NA,NA,NA,38,94,129,162,191,215,NA,NA,NA,NA
"K12-P729",41.4,36.2,27.4,26.8,23.1,14.4,NA,NA,NA,NA,32,109,185,221,267,354,NA,NA,NA,NA
"K124-P318",NA,NA,NA,NA,NA,NA,NA,NA,NA,NA,NA,NA,NA,NA,NA,NA,NA,NA,NA,NA
"K128-P103",NA,42.2,39.4,40.5,33.3,31.5,25.1,26,26,26,4,39,85,102,130,151,193,219,280,311
"K116-P140",35.3,42,34.5,45.4,41,35.4,32.9,27.3,13.9,NA,14,51,80,105,142,176,210,237,281,NA
"K113-P638",22.7,26.8,25.1,30.5,24.4,29.5,22.5,18.7,22.5,NA,19,47,84,111,140,167,202,230,293,NA
"K118-P37",30.7,39.8,37.4,41.8,39.8,37,36.2,46.6,33.5,29.2,17,43,77,116,151,197,228,257,288,326
"K13-P530",29,30.3,26.1,26.3,24.4,25.2,23.5,21,11.8,NA,27,54,102,137,180,212,251,290,326,NA
"K123-P335",29.6,31.6,29.4,27.6,24,23.2,18.2,14.9,10.8,5.2,24,66,101,136,177,219,248,288,319,360
"K12-P1061",29.6,27.2,25.8,27,19.5,13.7,20.7,NA,NA,NA,42,118,154,200,287,344,406,NA,NA,NA
"K1-P1047",30.2,29.4,34.4,31.4,30.4,31.2,29.8,28.6,23.6,29,14,56,84,114,146,176,210,252,288,315
"K104-P264",NA,NA,NA,NA,NA,NA,NA,NA,NA,NA,NA,NA,NA,NA,NA,NA,NA,NA,NA,NA
"K12-P760",37,34.4,26.9,20.7,19.5,NA,NA,NA,NA,NA,12,89,165,201,247,NA,NA,NA,NA,NA
"K123-P355",43.4,42.2,42,36.4,33,27.4,22.8,18.4,14.4,NA,11,42,83,117,160,195,235,284,319,NA
"K113-P366",14.4,9.9,NA,NA,NA,NA,NA,NA,NA,NA,19,48,NA,NA,NA,NA,NA,NA,NA,NA
"K116-P93",39.1,39.4,33.6,39.4,33.2,33.5,27.3,22.2,NA,NA,26,54,85,121,156,176,209,246,NA,NA
"K12-P425",40.2,29.2,NA,NA,NA,NA,NA,NA,NA,NA,86,160,NA,NA,NA,NA,NA,NA,NA,NA
"K126-P1033",23.9,43.2,37.2,40.6,34.7,42.8,34.9,35.7,NA,NA,7,34,63,91,126,154,189,217,NA,NA
"K101-P340",NA,NA,NA,NA,NA,NA,NA,NA,NA,NA,NA,NA,NA,NA,NA,NA,NA,NA,NA,NA
"K126-P1011",21,31.5,NA,NA,NA,NA,NA,NA,NA,NA,21,43,NA,NA,NA,NA,NA,NA,NA,NA
"K1-P819",54,49.4,43.4,45.4,31.8,22.6,19.6,13,8,NA,33,76,115,165,213,248,272,298,340,NA
"K106-P346",NA,NA,NA,NA,NA,NA,NA,NA,NA,NA,NA,NA,NA,NA,NA,NA,NA,NA,NA,NA
"K104-P333",NA,NA,NA,NA,NA,NA,NA,NA,NA,NA,NA,NA,NA,NA,NA,NA,NA,NA,NA,NA
"K115-P21",33,30,26,25,NA,NA,NA,NA,NA,NA,27,56,91,119,NA,NA,NA,NA,NA,NA
"K123-P315",NA,34,34.8,29.6,20,12.6,12,7.2,NA,NA,4,39,80,122,151,191,222,263,NA,NA
"K113-P593",18.6,23.1,26.6,18,18.5,19.8,13,19.4,15.3,17.5,20,53,82,110,139,173,201,235,264,299
"K12-P1003",18.3,NA,NA,NA,NA,NA,NA,NA,NA,NA,299,NA,NA,NA,NA,NA,NA,NA,NA,NA
"K113-P567",29.8,41.3,24.8,36.3,28.5,31.7,25.4,29.5,23.2,19.7,12,40,77,104,133,160,195,223,257,286
"K12-P452",43.7,40,35.8,28.2,NA,NA,NA,NA,NA,NA,37,113,149,195,NA,NA,NA,NA,NA,NA
"K113-P409",23.8,28.6,27.5,20.3,21.9,15.1,22.3,22.3,21.6,16.6,12,39,67,104,131,160,187,222,250,284
"K115-P97",23,26,24,24,25,27.4,28,24.6,23.4,21.2,14,43,78,106,134,162,196,225,253,287
"K12-P475",43.8,37.3,NA,21.5,20,14.2,NA,NA,NA,NA,66,140,209,286,362,398,NA,NA,NA,NA
"K115-P95",21,25,24.2,25.2,22,23.4,22.2,20.6,24.8,20,15,43,72,107,135,163,191,225,254,282
"K126-P935",39.1,48.5,46.2,39.1,40.9,36,31.5,28.5,26,24.6,9,38,66,101,129,164,192,227,257,290
"K113-P555",46.3,48.6,35.6,39.2,22.1,30.6,30.2,36.8,30.1,30.1,23,52,109,143,171,205,234,269,296,324
"K118-P76",NA,NA,NA,NA,NA,NA,NA,NA,NA,NA,NA,NA,NA,NA,NA,NA,NA,NA,NA,NA
"K111-P120",25,22.8,19.2,16.6,14.4,14.8,11.8,9.2,8.6,NA,23,57,86,115,148,177,212,234,262,NA
"K111-P197",21.4,20.1,19.8,18,20,16.3,13.8,13.6,13.8,13.6,23,57,86,115,148,177,212,234,262,304
"K112-P306",28.6,32.8,NA,NA,NA,NA,NA,NA,NA,NA,9,44,NA,NA,NA,NA,NA,NA,NA,NA
"K100-P295",40.2,41.4,41.6,38,33.7,32.7,32.5,27.1,9.6,14.5,16,43,72,107,138,163,198,226,289,317
"K120-P70",24.6,22.2,16.2,16.2,12.2,12,12,10.4,NA,NA,32,94,137,193,228,261,290,314,NA,NA
"K12-P772",42.6,34.6,27.6,24.6,17,NA,NA,NA,NA,NA,56,132,168,214,301,NA,NA,NA,NA,NA
"K105-P151",NA,NA,NA,NA,NA,NA,NA,NA,NA,NA,NA,NA,NA,NA,NA,NA,NA,NA,NA,NA
"K110-P609",NA,NA,NA,NA,NA,NA,NA,NA,NA,NA,NA,NA,NA,NA,NA,NA,NA,NA,NA,NA
"K100-P436",37.8,37.8,35.7,40.1,42.4,35.7,32.1,28.1,23.6,NA,21,56,84,112,147,174,203,238,269,NA
"K114-P17",35.5,38.4,37.4,NA,NA,NA,NA,NA,NA,NA,37,100,128,NA,NA,NA,NA,NA,NA,NA
"K111-P20",NA,NA,NA,NA,NA,NA,NA,NA,NA,NA,NA,NA,NA,NA,NA,NA,NA,NA,NA,NA
"K120-P20",48.2,29,22.8,20.6,16.6,18.8,17.8,18.4,13.2,11.8,45,101,136,169,198,222,269,304,339,407
"K11-P105",25.1,25.7,23.3,21,19.8,14.9,NA,NA,NA,NA,20,48,79,118,146,174,NA,NA,NA,NA
"K12-P804",40.9,37.6,29.1,29.1,19.7,NA,NA,NA,NA,NA,41,117,153,199,286,NA,NA,NA,NA,NA
"K100-P357",42.6,49.8,44.7,41.8,38.8,37.6,35.3,33.4,32.1,25.6,18,53,80,109,144,175,200,235,263,291
"K116-P114",31.5,36.5,32.9,32.9,30.5,30.2,24.9,25.6,25.3,16,15,48,85,114,139,176,210,244,271,315
"K125-P197",18.5,NA,30.5,26,31.2,29.3,30.8,30.3,25.2,NA,9,39,74,101,120,165,187,221,255,NA
"K124-P433",NA,NA,NA,NA,NA,NA,NA,NA,NA,NA,NA,NA,NA,NA,NA,NA,NA,NA,NA,NA
"K13-P529",23,22.1,19.9,22.1,21.1,NA,NA,NA,NA,NA,42,77,120,152,191,NA,NA,NA,NA,NA
"K11-P136",33,32.2,32.8,32.1,31.3,24.6,24,19.4,21.2,NA,29,63,91,122,161,189,217,245,273,NA
"K123-P327",34.4,36,25.9,27.6,22,20.4,13.6,NA,NA,NA,23,52,92,123,164,198,241,NA,NA,NA
"K111-P151",24.4,21.4,19.6,18.8,16.4,15.8,13.6,12.8,10.9,NA,23,50,84,107,141,170,199,232,261,NA
"K1-P833",31,43.6,49.4,48.2,42.2,40.6,40.8,39.4,23.8,28.4,9,35,77,105,135,167,197,231,273,309
"K13-P447",NA,NA,NA,NA,NA,NA,NA,NA,NA,NA,NA,NA,NA,NA,NA,NA,NA,NA,NA,NA
"K1-P991",32.8,36.6,35,38.8,40.2,32.2,33,26.8,26.6,26.2,6,54,89,113,139,181,209,239,271,301
"K11-P167",27,30,23.6,21.1,16.7,18.4,19,19.5,18.8,19,24,50,81,107,137,165,192,226,254,285
"K105-P146",NA,NA,NA,NA,NA,NA,NA,NA,NA,NA,NA,NA,NA,NA,NA,NA,NA,NA,NA,NA
"K125-P147",39.2,48.7,47.3,42.6,38,35.4,31.5,29.6,28.7,25.2,18,53,80,99,144,166,200,234,263,297
"K112-P253",24.1,31.3,26.4,32.4,27.6,26.8,24.6,21.9,21.4,21.9,9,44,73,109,136,164,199,225,255,288
"K114-P96",26,24.2,36.6,35.5,36.1,32.9,34.1,35.7,31.7,27.2,39,74,109,137,165,200,228,256,291,325
"K12-P1027",31.8,22.3,26.9,25.9,24.1,22.8,22.8,21.8,19.9,NA,81,157,193,239,326,383,445,501,589,NA
"K11-P46",NA,42.8,32.3,32.7,24.8,17.4,21.6,20.5,21.3,23.7,4,30,61,87,117,145,172,206,234,265
"K118-P59",47.8,53.2,38.6,45.3,41,32.3,30.5,23.6,NA,NA,31,66,112,143,172,203,241,286,NA,NA
"K100-P525",10.4,34.4,36.9,42,42.9,36.5,30.9,34.4,26.4,22.9,16,43,72,107,138,163,198,226,254,289
"K115-P6",28,34.4,38,25.2,26.2,24,25,NA,NA,NA,6,34,61,89,118,153,181,NA,NA,NA
"K128-P171",26.8,32.5,55.4,29.6,29.9,26.3,26.7,19.3,21.7,18.1,14,60,77,105,126,168,194,255,286,319
"K119-P12",47.2,49.5,42.7,44.3,40.3,38.7,30,NA,NA,NA,18,52,94,136,166,207,250,NA,NA,NA
"K12-P961",27.9,30,25.2,24.1,22,15.1,NA,NA,NA,NA,31,108,184,220,266,353,NA,NA,NA,NA
"K12-P401",35.9,25.1,15.4,NA,NA,NA,NA,NA,NA,NA,163,237,306,NA,NA,NA,NA,NA,NA,NA
"K10-P172",35.3,44.6,32.1,30.6,32.5,26.7,19.5,20.6,12.6,NA,28,58,91,119,154,182,211,245,273,NA
"K126-P743",44.9,50.4,38.6,48.7,42.8,39.3,27.7,24.9,NA,NA,32,61,89,123,158,180,221,248,NA,NA
"K124-P389",NA,NA,NA,NA,NA,NA,NA,NA,NA,NA,NA,NA,NA,NA,NA,NA,NA,NA,NA,NA
"K105-P93",NA,NA,NA,NA,NA,NA,NA,NA,NA,NA,NA,NA,NA,NA,NA,NA,NA,NA,NA,NA
"K125-P208",38.2,35.8,40.6,39.8,39,39.8,38,32.3,31.8,31,37,59,93,127,156,190,215,244,273,309
"K102-P262",39.6,44.6,35.3,22.7,27.3,24.4,29.1,26.3,24.9,21.6,8,35,65,98,126,155,191,218,246,275
"K116-P60",31.9,37.4,31.9,34.7,28.6,25.6,19.5,16,NA,NA,29,65,100,120,153,190,219,244,NA,NA
"K105-P141",NA,NA,NA,NA,NA,NA,NA,NA,NA,NA,NA,NA,NA,NA,NA,NA,NA,NA,NA,NA
"K111-P110",40,33.2,31.8,30.8,29.8,27,22.2,17.6,19.2,13.4,31,54,88,117,146,179,208,243,265,293
"K126-P836",41.6,58.8,64.5,46.5,48.9,45.8,40.1,NA,NA,NA,10,32,73,100,129,157,192,NA,NA,NA
"K100-P578",36.1,35.5,37.8,40.1,38,32.5,30.4,26.9,26.5,20.2,35,62,91,126,157,182,217,245,273,308
"K126-P833",55.4,53.6,57.5,45.4,49.7,44.6,46.2,38.4,NA,NA,25,54,82,117,145,180,208,243,NA,NA
"K110-P706",NA,NA,NA,NA,NA,NA,NA,NA,NA,NA,NA,NA,NA,NA,NA,NA,NA,NA,NA,NA
"K125-P97",NA,NA,NA,NA,NA,NA,NA,NA,NA,NA,NA,NA,NA,NA,NA,NA,NA,NA,NA,NA
"K112-P321",37.4,38.6,45.1,33.7,26.4,21.2,23.3,26.2,26.9,21.6,9,44,73,109,136,164,199,225,255,288
"K115-P108",23,21.8,21,21.6,19,19,18.6,16,16.2,15.2,32,67,95,122,150,179,214,242,270,298
"K12-P436",50,40.3,31.5,29.5,26.8,NA,NA,NA,NA,NA,37,114,190,226,272,NA,NA,NA,NA,NA
"K110-P662",NA,NA,NA,NA,NA,NA,NA,NA,NA,NA,NA,NA,NA,NA,NA,NA,NA,NA,NA,NA
"K108-P117",NA,NA,NA,NA,NA,NA,NA,NA,NA,NA,NA,NA,NA,NA,NA,NA,NA,NA,NA,NA
"K104-P385",NA,NA,NA,NA,NA,NA,NA,NA,NA,NA,NA,NA,NA,NA,NA,NA,NA,NA,NA,NA
"K1-P1008",41.8,42.4,35,32.6,27,25,19.4,16.6,15.4,NA,8,58,106,141,165,191,233,261,291,NA
"K11-P82",42.1,37.6,36.8,33.3,33.1,31,26.2,28.5,24.7,27.6,28,67,95,123,151,179,207,236,264,291
"K126-P554",44.1,49.8,63.2,51.2,49.7,41.4,52.5,45,43.6,40.7,11,39,73,108,130,171,198,227,255,290
"K117-P37",NA,NA,NA,NA,NA,NA,NA,NA,NA,NA,NA,NA,NA,NA,NA,NA,NA,NA,NA,NA
"K12-P167",19.9,18.5,NA,NA,NA,NA,NA,NA,NA,NA,60,129,NA,NA,NA,NA,NA,NA,NA,NA
"K1-P1056",NA,NA,NA,NA,NA,NA,NA,NA,NA,NA,NA,NA,NA,NA,NA,NA,NA,NA,NA,NA
"K121-P89",36.7,39.2,42,38.8,32.1,37.8,31.6,28.6,22.7,20.1,26,48,77,115,139,170,193,237,268,300
"K130-P595",51.6,60.3,54.4,49.1,47.6,40.7,34.8,26.7,22.4,NA,20,56,95,125,174,201,243,279,306,NA
"K107-P350",22.8,21.9,20.3,20.3,19.6,20.4,18.3,18.8,18.7,14.4,15,45,80,109,142,177,206,240,269,298
"K117-P62",41.5,43,37,42,37.5,34.5,30,31,26.2,25,19,47,75,110,139,174,201,222,264,292
"K126-P643",28.9,37.4,45.8,42,39.7,36.5,31.3,27.4,26,NA,5,46,73,102,130,165,193,228,256,NA
"K122-P92",29.4,31,30.6,22,25.4,28.4,26.8,27.6,23.6,21.8,19,54,81,110,145,173,208,236,264,299
"K1-P764",44.2,42.8,37.6,39,25.2,23.8,18,9.6,NA,NA,24,67,106,156,204,239,263,289,NA,NA
"K118-P146",20.7,24.8,25.2,20.2,23.1,NA,NA,NA,NA,NA,11,59,85,119,158,NA,NA,NA,NA,NA
"K12-P575",27.2,23.2,23.3,15,NA,NA,NA,NA,NA,NA,117,191,260,337,NA,NA,NA,NA,NA,NA
"K12-P276",27.5,18.9,19.4,NA,NA,NA,NA,NA,NA,NA,63,139,175,NA,NA,NA,NA,NA,NA,NA
"K112-P179",35.4,31.1,32,26.4,24.9,21.8,29.8,26.4,22.7,27.9,21,48,76,111,137,167,200,229,257,296
"K104-P354",NA,NA,NA,NA,NA,NA,NA,NA,NA,NA,NA,NA,NA,NA,NA,NA,NA,NA,NA,NA
"K111-P146",24.2,31.2,24.2,29,24.4,26,18.8,18.2,16.8,14.2,8,31,65,94,123,156,185,220,242,270
"K10-P113",NA,44.2,45.4,44.3,50.2,42.4,46.6,43.5,42,38.6,2,34,65,93,123,156,184,219,247,276
"K111-P135",25,22.6,20.8,20.4,18,17.6,12.8,14.2,11.2,9.6,17,51,80,109,142,171,206,228,256,298
"K129-P251",40,NA,NA,NA,NA,NA,NA,NA,NA,NA,36,NA,NA,NA,NA,NA,NA,NA,NA,NA
"K101-P235",NA,NA,NA,NA,NA,NA,NA,NA,NA,NA,NA,NA,NA,NA,NA,NA,NA,NA,NA,NA
"K118-P152",21.5,35.1,36.6,32.7,33,29.6,29.9,27.6,27.2,21.7,7,41,80,115,161,192,221,252,290,335
"K112-P286",NA,23.8,24.8,20.6,25.2,21,20.2,26.4,25.6,25.1,4,37,62,90,125,152,180,215,244,280
"K108-P56",NA,NA,NA,NA,NA,NA,NA,NA,NA,NA,NA,NA,NA,NA,NA,NA,NA,NA,NA,NA
"K113-P619",18.7,25.6,36.7,22.7,19,23.1,18.4,20.5,18.6,18.4,31,65,94,129,156,184,221,248,277,304
"K113-P533",NA,NA,NA,NA,NA,NA,NA,NA,NA,NA,NA,NA,NA,NA,NA,NA,NA,NA,NA,NA
"K113-P650",22.3,27.5,29.4,28.1,29.4,25.9,27.5,24.8,27.7,18,9,36,64,101,128,157,184,219,247,281
"K11-P147",23.3,23,22.3,22.7,21.3,22.7,19.1,18.8,18.9,NA,30,57,91,119,150,189,217,245,273,NA
"K105-P154",NA,NA,NA,NA,NA,NA,NA,NA,NA,NA,NA,NA,NA,NA,NA,NA,NA,NA,NA,NA
"K110-P735",NA,NA,NA,NA,NA,NA,NA,NA,NA,NA,NA,NA,NA,NA,NA,NA,NA,NA,NA,NA
"K12-P1008",28.4,32.2,30,26.2,22.2,NA,NA,NA,NA,NA,72,149,225,261,307,NA,NA,NA,NA,NA
"K104-P415",NA,NA,NA,NA,NA,NA,NA,NA,NA,NA,NA,NA,NA,NA,NA,NA,NA,NA,NA,NA
"K126-P575",NA,NA,NA,NA,NA,NA,NA,NA,NA,NA,NA,NA,NA,NA,NA,NA,NA,NA,NA,NA
"K112-P10",48.9,29,21.2,24.1,16,15.7,NA,NA,NA,NA,28,63,90,118,153,182,NA,NA,NA,NA
"K126-P1008",37.8,31.1,38.3,37.4,37.6,29.8,35.3,40.2,38,33.2,9,37,71,106,128,169,196,225,253,288
"K110-P687",NA,NA,NA,NA,NA,NA,NA,NA,NA,NA,NA,NA,NA,NA,NA,NA,NA,NA,NA,NA
"K117-P70",33,36,36.5,33.9,32.6,27.8,26.5,30.4,22.5,31,39,66,93,121,150,178,212,240,268,303
"K110-P645",NA,NA,NA,NA,NA,NA,NA,NA,NA,NA,NA,NA,NA,NA,NA,NA,NA,NA,NA,NA
"K105-P133",NA,NA,NA,NA,NA,NA,NA,NA,NA,NA,NA,NA,NA,NA,NA,NA,NA,NA,NA,NA
"K106-P361",NA,NA,NA,NA,NA,NA,NA,NA,NA,NA,NA,NA,NA,NA,NA,NA,NA,NA,NA,NA
"K107-P298",36.3,39.7,36.3,31,26.6,25.2,22.8,23.4,25.6,21.7,16,55,78,107,134,169,209,239,274,303
"K107-P318",33,26.9,28.7,27.6,25,26.7,27.1,19.1,19,14.6,18,45,76,108,139,167,206,229,258,285
"K1-P811",33,27.8,28.4,NA,NA,NA,NA,NA,NA,NA,11,52,95,NA,NA,NA,NA,NA,NA,NA
"K12-P1068",30.6,29.6,30.1,28,NA,NA,NA,NA,NA,NA,37,113,149,195,NA,NA,NA,NA,NA,NA
"K12-P770",39.1,38.6,28.2,17.3,21.5,10.2,NA,NA,NA,NA,16,93,169,205,251,338,NA,NA,NA,NA
"K126-P1277",37.4,48.8,39.1,30.9,32,33.7,22.7,26.7,22,19.7,18,40,81,108,137,165,200,228,263,291
"K112-P292",22.5,25.5,27.2,23.3,21.2,24.2,20.2,22.3,24.6,21.4,34,70,97,125,160,186,216,249,278,306
"K12-P405",24.5,22.9,23.1,10,NA,NA,NA,NA,NA,NA,153,189,235,322,NA,NA,NA,NA,NA,NA
"K126-P1053",21.8,29.8,32.4,35,30.2,26.7,25.9,33.6,26.4,NA,6,33,62,90,125,153,188,216,251,NA
"K126-P906",47.4,43.6,39.5,46.2,41,34.4,29.8,31.2,35,30.7,16,44,79,107,142,170,205,235,268,296
"K119-P64",52.2,42.2,34.9,28.3,28.9,23.4,19.1,16.6,NA,NA,35,70,105,151,188,223,257,299,NA,NA
"K102-P291",39.1,56.4,31.7,31.5,30.6,37.1,29.4,25.4,31,21.6,23,53,86,114,143,179,206,234,263,297
"K11-P166",33.1,28.2,26.8,21.2,20,17.2,13.4,NA,NA,NA,28,61,87,118,144,174,202,NA,NA,NA
"K100-P416",41.4,47,32.3,32.3,33,28.4,33,26.8,27.1,24.4,28,59,92,120,155,183,211,246,273,302
"K110-P669",NA,NA,NA,NA,NA,NA,NA,NA,NA,NA,NA,NA,NA,NA,NA,NA,NA,NA,NA,NA
"K125-P95",50.7,54,54.9,53.6,48.5,54.8,45.3,42.2,38.6,34.6,26,54,90,115,144,178,208,243,270,289
"K126-P1268",42,41,46.2,NA,NA,NA,NA,NA,NA,NA,35,57,98,NA,NA,NA,NA,NA,NA,NA
"K101-P377",17,15.4,11.8,NA,NA,NA,NA,NA,NA,NA,237,279,313,NA,NA,NA,NA,NA,NA,NA
"K103-P221",NA,NA,NA,NA,NA,NA,NA,NA,NA,NA,NA,NA,NA,NA,NA,NA,NA,NA,NA,NA
"K112-P229",32.1,25.5,16.4,NA,NA,NA,NA,NA,NA,NA,28,64,91,NA,NA,NA,NA,NA,NA,NA
"K122-P105",20,25,23,20.2,20,19.2,20,19.8,18.7,NA,22,57,85,113,148,176,204,239,267,NA
"K115-P96",27,28,22.4,23,19,23.6,21,26,20,21,24,53,88,116,144,172,206,235,263,297
"K111-P132",19.6,16.4,16.2,13,14.8,13.6,13.4,11.8,11.2,11.5,28,57,92,114,142,184,210,238,267,296
"K126-P1261",40.9,NA,NA,NA,NA,NA,NA,NA,NA,NA,16,NA,NA,NA,NA,NA,NA,NA,NA,NA
"K106-P320",NA,NA,NA,NA,NA,NA,NA,NA,NA,NA,NA,NA,NA,NA,NA,NA,NA,NA,NA,NA
"K103-P214",NA,NA,NA,NA,NA,NA,NA,NA,NA,NA,NA,NA,NA,NA,NA,NA,NA,NA,NA,NA
"K106-P352",NA,NA,NA,NA,NA,NA,NA,NA,NA,NA,NA,NA,NA,NA,NA,NA,NA,NA,NA,NA
"K106-P208",NA,NA,NA,NA,NA,NA,NA,NA,NA,NA,NA,NA,NA,NA,NA,NA,NA,NA,NA,NA
"K10-P5",34.8,43.9,44.1,35.7,33.1,33.6,32.7,26.3,23.3,18.6,9,37,73,102,128,163,191,219,251,282
"K11-P124",21.1,26.2,24.6,21.8,28,24.5,24.6,26.6,24.4,21.6,12,38,68,96,123,157,185,216,255,283
"K123-P273",NA,NA,NA,NA,NA,NA,NA,NA,NA,NA,NA,NA,NA,NA,NA,NA,NA,NA,NA,NA
"K12-P792",29.6,18.9,6.9,NA,NA,NA,NA,NA,NA,NA,164,238,307,NA,NA,NA,NA,NA,NA,NA
"K112-P308",16.8,16.8,19.3,17.2,19.7,21.2,20.6,18.6,18.6,NA,30,65,91,121,154,183,211,250,274,NA
"K110-P671",NA,NA,NA,NA,NA,NA,NA,NA,NA,NA,NA,NA,NA,NA,NA,NA,NA,NA,NA,NA
"K113-P327",29.2,39.6,32.4,37.6,24.6,28.6,22.7,29.4,20.7,25.2,26,60,89,124,151,179,216,243,272,299
"K12-P418",34,NA,NA,NA,NA,NA,NA,NA,NA,NA,83,NA,NA,NA,NA,NA,NA,NA,NA,NA
"K12-P526",34.8,31,21.9,24.5,15.7,NA,NA,NA,NA,NA,57,134,210,246,292,NA,NA,NA,NA,NA
"K121-P85",46.6,46.2,53.9,53.5,49.3,46.6,45.8,40.5,36.1,29,18,59,81,110,148,172,203,226,270,301
"K103-P295",15.2,13.8,7.4,NA,NA,NA,NA,NA,NA,NA,301,336,453,NA,NA,NA,NA,NA,NA,NA
"K124-P434",NA,NA,NA,NA,NA,NA,NA,NA,NA,NA,NA,NA,NA,NA,NA,NA,NA,NA,NA,NA
"K12-P502",39,32.5,22.8,18.1,17.7,NA,NA,NA,NA,NA,66,143,219,255,301,NA,NA,NA,NA,NA
"K12-P728",39.8,28.6,25.5,25.4,10.1,NA,NA,NA,NA,NA,34,111,187,223,269,NA,NA,NA,NA,NA
"K128-P203",42.6,39.3,32.9,33.1,30.6,31.7,25.2,30.3,NA,NA,35,52,80,101,143,169,230,261,NA,NA
"K117-P74",48,52,46.4,37.4,31,29,26,21,15.7,NA,28,56,91,120,155,182,203,245,273,NA
"K120-P10",32.6,28,22,23.8,NA,NA,NA,NA,NA,NA,31,208,242,304,NA,NA,NA,NA,NA,NA
"K117-P46",52.2,51,53,51,46,38.9,33,29,25,25,31,60,95,122,143,185,213,241,276,305
"K11-P90",36.2,36.2,27.6,31.2,29.8,30.1,28.2,27.2,25.7,24.5,11,41,69,96,130,158,189,228,256,284
"K116-P120",27.6,25.3,23.9,24.2,NA,NA,NA,NA,NA,NA,31,74,106,134,NA,NA,NA,NA,NA,NA
"K104-P418",NA,NA,NA,NA,NA,NA,NA,NA,NA,NA,NA,NA,NA,NA,NA,NA,NA,NA,NA,NA
"K110-P611",NA,NA,NA,NA,NA,NA,NA,NA,NA,NA,NA,NA,NA,NA,NA,NA,NA,NA,NA,NA
"K125-P14",30.5,52,63.4,57.2,53,33.9,44.2,33.8,37.4,39.4,22,51,85,115,150,177,196,241,263,297
"K122-P96",31,32.6,31.2,30.4,26.6,27,27,28,25.6,21.6,6,41,68,97,132,160,195,223,251,286
"K104-P416",NA,NA,NA,NA,NA,NA,NA,NA,NA,NA,NA,NA,NA,NA,NA,NA,NA,NA,NA,NA
"K11-P32",31.4,31.9,32.3,27.1,21.2,19,18.6,19.3,20.9,15.2,18,49,88,116,144,172,200,228,257,285
"K112-P233",26.5,26.4,24.8,31.7,26.7,29.8,27.6,23.8,20.7,24.2,6,33,61,96,125,161,188,216,251,277
"K125-P178",37,40,40.2,39.4,32.9,34.3,35.3,27.7,24.9,24.5,27,52,81,115,145,180,207,226,271,293
"K100-P460",34.4,32.8,29.8,24.6,22.3,21.6,19.3,15.7,13.6,13.8,15,48,76,111,139,167,202,229,258,293
"K12-P1018",41.4,34.8,26.6,22,NA,NA,NA,NA,NA,NA,86,162,198,244,NA,NA,NA,NA,NA,NA
"K121-P3",42,52.1,56.3,41.3,38.2,38.2,38.6,40.1,38.2,33.9,10,33,61,102,124,153,191,215,246,269
"K117-P55",29.5,38,31,29.4,25.9,24,21,19,16.5,11,5,40,67,88,130,158,186,221,250,278
"K121-P10",38.2,34.4,44.3,39.2,33.8,NA,NA,NA,NA,NA,7,36,74,98,129,NA,NA,NA,NA,NA
